synonym,preferred,rank,address
Chlorobiota,Chlorobi,phylum,https://lpsn.dsmz.de/phylum/chlorobi
Ignavibacteriota,Chlorobi,phylum,https://lpsn.dsmz.de/phylum/chlorobi
Chlorobiota,Chlorobi,phylum,https://lpsn.dsmz.de/phylum/chlorobi
Ignavibacteriota,Chlorobi,phylum,https://lpsn.dsmz.de/phylum/chlorobi
Chlorobaeota,Chlorobi,phylum,https://lpsn.dsmz.de/phylum/chlorobi
Ignavibacteraeota,Chlorobi,phylum,https://lpsn.dsmz.de/phylum/chlorobi
Ignavibacteriae,Chlorobi,phylum,https://lpsn.dsmz.de/phylum/chlorobi
Synthermota,Thermotogae,phylum,https://lpsn.dsmz.de/phylum/thermotogae
Thermotogota,Thermotogae,phylum,https://lpsn.dsmz.de/phylum/thermotogae
Thermotogaeota,Thermotogae,phylum,https://lpsn.dsmz.de/phylum/thermotogae
Thermotogota,Thermotogae,phylum,https://lpsn.dsmz.de/phylum/thermotogae
Gemmatimonadaeota,Gemmatimonadetes,phylum,https://lpsn.dsmz.de/phylum/gemmatimonadetes
Gemmatimonadota,Gemmatimonadetes,phylum,https://lpsn.dsmz.de/phylum/gemmatimonadetes
Gemmatimonadota,Gemmatimonadetes,phylum,https://lpsn.dsmz.de/phylum/gemmatimonadetes
Mycoplasmatota,Tenericutes,phylum,https://lpsn.dsmz.de/phylum/tenericutes
Mollicutota,Tenericutes,phylum,https://lpsn.dsmz.de/phylum/tenericutes
Mollicutaeota,Tenericutes,phylum,https://lpsn.dsmz.de/phylum/tenericutes
Caldisericota,Caldiserica,phylum,https://lpsn.dsmz.de/phylum/caldiserica
Caldisericaeota,Caldiserica,phylum,https://lpsn.dsmz.de/phylum/caldiserica
Caldisericota,Caldiserica,phylum,https://lpsn.dsmz.de/phylum/caldiserica
Thermoproteaeota,Crenarchaeota,phylum,https://lpsn.dsmz.de/phylum/crenarchaeota
Thermoproteota,Crenarchaeota,phylum,https://lpsn.dsmz.de/phylum/crenarchaeota
Thermoproteota,Crenarchaeota,phylum,https://lpsn.dsmz.de/phylum/crenarchaeota
Chlamydiota,Chlamydiae,phylum,https://lpsn.dsmz.de/phylum/chlamydiae
Chlamydaeota,Chlamydiae,phylum,https://lpsn.dsmz.de/phylum/chlamydiae
Chlamydiota,Chlamydiae,phylum,https://lpsn.dsmz.de/phylum/chlamydiae
Chrysiogenaeota,Chrysiogenetes,phylum,https://lpsn.dsmz.de/phylum/chrysiogenetes
Chrysiogenetota,Chrysiogenetes,phylum,https://lpsn.dsmz.de/phylum/chrysiogenetes
Chrysiogenota,Chrysiogenetes,phylum,https://lpsn.dsmz.de/phylum/chrysiogenetes
Actinobacteraeota,Actinobacteria,phylum,https://lpsn.dsmz.de/phylum/actinobacteria
Actinomycetota,Actinobacteria,phylum,https://lpsn.dsmz.de/phylum/actinobacteria
Actinobacteriota,Actinobacteria,phylum,https://lpsn.dsmz.de/phylum/actinobacteria
Chlorobacteria,Chloroflexi,phylum,https://lpsn.dsmz.de/phylum/chloroflexi
Eobacteria,Chloroflexi,phylum,https://lpsn.dsmz.de/phylum/chloroflexi
Chloroflexota,Chloroflexi,phylum,https://lpsn.dsmz.de/phylum/chloroflexi
Chloroflexaeota,Chloroflexi,phylum,https://lpsn.dsmz.de/phylum/chloroflexi
Chloroflexota,Chloroflexi,phylum,https://lpsn.dsmz.de/phylum/chloroflexi
Posibacteria,Firmicutes,phylum,https://lpsn.dsmz.de/phylum/firmicutes
Firmacutes,Firmicutes,phylum,https://lpsn.dsmz.de/phylum/firmicutes
Endobacteria,Firmicutes,phylum,https://lpsn.dsmz.de/phylum/firmicutes
Bacillaeota,Firmicutes,phylum,https://lpsn.dsmz.de/phylum/firmicutes
Bacillota,Firmicutes,phylum,https://lpsn.dsmz.de/phylum/firmicutes
Bacillota,Firmicutes,phylum,https://lpsn.dsmz.de/phylum/firmicutes
Desulfotomaculota,Firmicutes,phylum,https://lpsn.dsmz.de/phylum/firmicutes
Nitrososphaerota,Thaumarchaeota,phylum,https://lpsn.dsmz.de/phylum/thaumarchaeota
Nitrososphaerota,Thaumarchaeota,phylum,https://lpsn.dsmz.de/phylum/thaumarchaeota
Nitrososphaeraeota,Thaumarchaeota,phylum,https://lpsn.dsmz.de/phylum/thaumarchaeota
Kiritimatiellota,Kiritimatiellaeota,phylum,https://lpsn.dsmz.de/phylum/kiritimatiellaeota
Elusimicrobaeota,Elusimicrobia,phylum,https://lpsn.dsmz.de/phylum/elusimicrobia
Elusimicrobiota,Elusimicrobia,phylum,https://lpsn.dsmz.de/phylum/elusimicrobia
Elusimicrobiota,Elusimicrobia,phylum,https://lpsn.dsmz.de/phylum/elusimicrobia
Sphingobacteria,Bacteroidetes,phylum,https://lpsn.dsmz.de/phylum/bacteroidetes
Bacteroidaeota,Bacteroidetes,phylum,https://lpsn.dsmz.de/phylum/bacteroidetes
Bacteroidota,Bacteroidetes,phylum,https://lpsn.dsmz.de/phylum/bacteroidetes
Bacteroidota,Bacteroidetes,phylum,https://lpsn.dsmz.de/phylum/bacteroidetes
Calditrichota,Calditrichaeota,phylum,https://lpsn.dsmz.de/phylum/calditrichaeota
Calditrichota,Calditrichaeota,phylum,https://lpsn.dsmz.de/phylum/calditrichaeota
Acidobacteraeota,Acidobacteria,phylum,https://lpsn.dsmz.de/phylum/acidobacteria
Acidobacteriota,Acidobacteria,phylum,https://lpsn.dsmz.de/phylum/acidobacteria
Acidobacteriota,Acidobacteria,phylum,https://lpsn.dsmz.de/phylum/acidobacteria
Rhodothermota,Rhodothermaeota,phylum,https://lpsn.dsmz.de/phylum/rhodothermaeota
Rhodothermota,Rhodothermaeota,phylum,https://lpsn.dsmz.de/phylum/rhodothermaeota
Deinococcota,Deinococcus-Thermus,phylum,https://lpsn.dsmz.de/phylum/deinococcus-thermus
Deinococcota,Deinococcus-Thermus,phylum,https://lpsn.dsmz.de/phylum/deinococcus-thermus
Deinococcaeota,Deinococcus-Thermus,phylum,https://lpsn.dsmz.de/phylum/deinococcus-thermus
Armatimonadaeota,Armatimonadetes,phylum,https://lpsn.dsmz.de/phylum/armatimonadetes
Armatimonadota,Armatimonadetes,phylum,https://lpsn.dsmz.de/phylum/armatimonadetes
Armatimonadota,Armatimonadetes,phylum,https://lpsn.dsmz.de/phylum/armatimonadetes
Planctomycetota,Planctomycetes,phylum,https://lpsn.dsmz.de/phylum/planctomycetes
Planctomycetaeota,Planctomycetes,phylum,https://lpsn.dsmz.de/phylum/planctomycetes
Planctomycetota,Planctomycetes,phylum,https://lpsn.dsmz.de/phylum/planctomycetes
Thermodesulfobacteraeota,Thermodesulfobacteria,phylum,https://lpsn.dsmz.de/phylum/thermodesulfobacteria
Thermodesulfobacteriota,Thermodesulfobacteria,phylum,https://lpsn.dsmz.de/phylum/thermodesulfobacteria
Thermodesulfobacteriota,Thermodesulfobacteria,phylum,https://lpsn.dsmz.de/phylum/thermodesulfobacteria
Spirochaetaeota,Spirochaetes,phylum,https://lpsn.dsmz.de/phylum/spirochaetes
Spirochaetota,Spirochaetes,phylum,https://lpsn.dsmz.de/phylum/spirochaetes
Spirochaetota,Spirochaetes,phylum,https://lpsn.dsmz.de/phylum/spirochaetes
Spirochaetae,Spirochaetes,phylum,https://lpsn.dsmz.de/phylum/spirochaetes
Nitrospiraeota,Nitrospirae,phylum,https://lpsn.dsmz.de/phylum/nitrospirae
Nitrospirota,Nitrospirae,phylum,https://lpsn.dsmz.de/phylum/nitrospirae
Nitrospirota,Nitrospirae,phylum,https://lpsn.dsmz.de/phylum/nitrospirae
Thermomicrobiota,Thermomicrobia,phylum,https://lpsn.dsmz.de/phylum/thermomicrobia
Thermomicrobaeota,Thermomicrobia,phylum,https://lpsn.dsmz.de/phylum/thermomicrobia
Thermomicrobiota,Thermomicrobia,phylum,https://lpsn.dsmz.de/phylum/thermomicrobia
Fusobacteraeota,Fusobacteria,phylum,https://lpsn.dsmz.de/phylum/fusobacteria
Fusobacteriota,Fusobacteria,phylum,https://lpsn.dsmz.de/phylum/fusobacteria
Fusobacteriota,Fusobacteria,phylum,https://lpsn.dsmz.de/phylum/fusobacteria
Fibrobacteraeota,Fibrobacteres,phylum,https://lpsn.dsmz.de/phylum/fibrobacteres
Fibrobacterota,Fibrobacteres,phylum,https://lpsn.dsmz.de/phylum/fibrobacteres
Fibrobacterota,Fibrobacteres,phylum,https://lpsn.dsmz.de/phylum/fibrobacteres
Lentisphaeraeota,Lentisphaerae,phylum,https://lpsn.dsmz.de/phylum/lentisphaerae
Lentisphaerota,Lentisphaerae,phylum,https://lpsn.dsmz.de/phylum/lentisphaerae
Lentisphaerota,Lentisphaerae,phylum,https://lpsn.dsmz.de/phylum/lentisphaerae
Archaebacteria,Euryarchaeota,phylum,https://lpsn.dsmz.de/phylum/euryarchaeota
Methanobacteriota,Euryarchaeota,phylum,https://lpsn.dsmz.de/phylum/euryarchaeota
Methanobacteraeota,Euryarchaeota,phylum,https://lpsn.dsmz.de/phylum/euryarchaeota
Aquithermota,Aquificae,phylum,https://lpsn.dsmz.de/phylum/aquificae
Aquificota,Aquificae,phylum,https://lpsn.dsmz.de/phylum/aquificae
Aquificaeota,Aquificae,phylum,https://lpsn.dsmz.de/phylum/aquificae
Aquificota,Aquificae,phylum,https://lpsn.dsmz.de/phylum/aquificae
Deferribacterota,Deferribacteres,phylum,https://lpsn.dsmz.de/phylum/deferribacteres
Deferribacterota,Deferribacteres,phylum,https://lpsn.dsmz.de/phylum/deferribacteres
Deferribacteraeota,Deferribacteres,phylum,https://lpsn.dsmz.de/phylum/deferribacteres
Verrucomicrobiota,Verrucomicrobia,phylum,https://lpsn.dsmz.de/phylum/verrucomicrobia
Verrucomicrobiota,Verrucomicrobia,phylum,https://lpsn.dsmz.de/phylum/verrucomicrobia
Verrucomicrobaeota,Verrucomicrobia,phylum,https://lpsn.dsmz.de/phylum/verrucomicrobia
Dictyoglomaeota,Dictyoglomi,phylum,https://lpsn.dsmz.de/phylum/dictyoglomi
Dictyoglomota,Dictyoglomi,phylum,https://lpsn.dsmz.de/phylum/dictyoglomi
Dictyoglomota,Dictyoglomi,phylum,https://lpsn.dsmz.de/phylum/dictyoglomi
Balneolota,Balneolaeota,phylum,https://lpsn.dsmz.de/phylum/balneolaeota
Balneolota,Balneolaeota,phylum,https://lpsn.dsmz.de/phylum/balneolaeota
Synergistaeota,Synergistetes,phylum,https://lpsn.dsmz.de/phylum/synergistetes
Synergistota,Synergistetes,phylum,https://lpsn.dsmz.de/phylum/synergistetes
Synergistota,Synergistetes,phylum,https://lpsn.dsmz.de/phylum/synergistetes
Nitrospinota,Nitrospinae,phylum,https://lpsn.dsmz.de/phylum/nitrospinae
Nitrospinota,Nitrospinae,phylum,https://lpsn.dsmz.de/phylum/nitrospinae
Clostridiia,Clostridia,class,https://lpsn.dsmz.de/class/clostridia
Desulfotomaculia,Clostridia,class,https://lpsn.dsmz.de/class/clostridia
Halanaerobiia,Clostridia,class,https://lpsn.dsmz.de/class/clostridia
Natranaerobiia,Clostridia,class,https://lpsn.dsmz.de/class/clostridia
Opitutia,Opitutae,class,https://lpsn.dsmz.de/class/opitutae
Caldilineia,Caldilineae,class,https://lpsn.dsmz.de/class/caldilineae
Chlamydiae,Chlamydiia,class,https://lpsn.dsmz.de/class/chlamydiia
Elusimicrobiia,Elusimicrobia,class,https://lpsn.dsmz.de/class/elusimicrobia
Bacteriovoracia,Oligoflexia,class,https://lpsn.dsmz.de/class/oligoflexia
Bdellovibrionia,Oligoflexia,class,https://lpsn.dsmz.de/class/oligoflexia
Chlorobea,Chlorobia,class,https://lpsn.dsmz.de/class/chlorobia
Chlorobiia,Chlorobia,class,https://lpsn.dsmz.de/class/chlorobia
Nitrospiria,Nitrospira,class,https://lpsn.dsmz.de/class/nitrospira
Nitrospiria,Nitrospira,class,https://lpsn.dsmz.de/class/nitrospira
Thermodesulfovibrionia,Nitrospira,class,https://lpsn.dsmz.de/class/nitrospira
Gloeobacteria,Cyanophyceae,class,https://lpsn.dsmz.de/class/cyanophyceae
Oxyphotobacteria,Cyanophyceae,class,https://lpsn.dsmz.de/class/cyanophyceae
Hormogoneae,Cyanophyceae,class,https://lpsn.dsmz.de/class/cyanophyceae
Chroobacteria,Cyanophyceae,class,https://lpsn.dsmz.de/class/cyanophyceae
Actinomycetes,Actinobacteria,class,https://lpsn.dsmz.de/class/actinobacteria
Arabobacteria,Actinobacteria,class,https://lpsn.dsmz.de/class/actinobacteria
Actinomycetia,Actinobacteria,class,https://lpsn.dsmz.de/class/actinobacteria
Arthrobacteria,Actinobacteria,class,https://lpsn.dsmz.de/class/actinobacteria
Streptomycetes,Actinobacteria,class,https://lpsn.dsmz.de/class/actinobacteria
Hadobacteria,Deinococci,class,https://lpsn.dsmz.de/class/deinococci
Thermia,Deinococci,class,https://lpsn.dsmz.de/class/deinococci
Deinococcia,Deinococci,class,https://lpsn.dsmz.de/class/deinococci
Chromatibacteria,Gammaproteobacteria,class,https://lpsn.dsmz.de/class/gammaproteobacteria
Chromatiia,Gammaproteobacteria,class,https://lpsn.dsmz.de/class/gammaproteobacteria
Campylobacteria,Epsilonproteobacteria,class,https://lpsn.dsmz.de/class/epsilonproteobacteria
Nautiliia,Epsilonproteobacteria,class,https://lpsn.dsmz.de/class/epsilonproteobacteria
Bacteroidetia,Bacteroidia,class,https://lpsn.dsmz.de/class/bacteroidia
Methanothermea,Methanococci,class,https://lpsn.dsmz.de/class/methanococci
Desulfobulbia,Deltaproteobacteria,class,https://lpsn.dsmz.de/class/deltaproteobacteria
Syntrophia,Deltaproteobacteria,class,https://lpsn.dsmz.de/class/deltaproteobacteria
Desulfomonilia,Deltaproteobacteria,class,https://lpsn.dsmz.de/class/deltaproteobacteria
Desulfobaccia,Deltaproteobacteria,class,https://lpsn.dsmz.de/class/deltaproteobacteria
Deltabacteria,Deltaproteobacteria,class,https://lpsn.dsmz.de/class/deltaproteobacteria
Syntrophorhabdia,Deltaproteobacteria,class,https://lpsn.dsmz.de/class/deltaproteobacteria
Desulfovibrionia,Deltaproteobacteria,class,https://lpsn.dsmz.de/class/deltaproteobacteria
Deferrisomatia,Deltaproteobacteria,class,https://lpsn.dsmz.de/class/deltaproteobacteria
Syntrophobacteria,Deltaproteobacteria,class,https://lpsn.dsmz.de/class/deltaproteobacteria
Dissulfuribacteria,Deltaproteobacteria,class,https://lpsn.dsmz.de/class/deltaproteobacteria
Desulfobacteria,Deltaproteobacteria,class,https://lpsn.dsmz.de/class/deltaproteobacteria
Myxococcia,Deltaproteobacteria,class,https://lpsn.dsmz.de/class/deltaproteobacteria
Polyangia,Deltaproteobacteria,class,https://lpsn.dsmz.de/class/deltaproteobacteria
Desulfarculia,Deltaproteobacteria,class,https://lpsn.dsmz.de/class/deltaproteobacteria
Desulfuromonadia,Deltaproteobacteria,class,https://lpsn.dsmz.de/class/deltaproteobacteria
Desulfurellia,Deltaproteobacteria,class,https://lpsn.dsmz.de/class/deltaproteobacteria
Myxococcia,Deltaproteobacteria,class,https://lpsn.dsmz.de/class/deltaproteobacteria
Chlorobacteria,Chloroflexia,class,https://lpsn.dsmz.de/class/chloroflexia
Chloroflexi,Chloroflexia,class,https://lpsn.dsmz.de/class/chloroflexia
Planctomycetacia,Planctomycetia,class,https://lpsn.dsmz.de/class/planctomycetia
Planctomycea,Planctomycetia,class,https://lpsn.dsmz.de/class/planctomycetia
Planctomycetes,Planctomycetia,class,https://lpsn.dsmz.de/class/planctomycetia
Caulobacteria,Alphaproteobacteria,class,https://lpsn.dsmz.de/class/alphaproteobacteria
Anoxyphotobacteria,Alphaproteobacteria,class,https://lpsn.dsmz.de/class/alphaproteobacteria
Photobacteria,Alphaproteobacteria,class,https://lpsn.dsmz.de/class/alphaproteobacteria
Alphabacteria,Alphaproteobacteria,class,https://lpsn.dsmz.de/class/alphaproteobacteria
Flavobacteria,Cytophagia,class,https://lpsn.dsmz.de/class/cytophagia
Acidobacteria,Acidobacteriia,class,https://lpsn.dsmz.de/class/acidobacteriia
Acidobacteriae,Acidobacteriia,class,https://lpsn.dsmz.de/class/acidobacteriia
Gemmatimonadia,Gemmatimonadetes,class,https://lpsn.dsmz.de/class/gemmatimonadetes
Mariprofundia,Zetaproteobacteria,class,https://lpsn.dsmz.de/class/zetaproteobacteria
Picrophilea,Thermoplasmata,class,https://lpsn.dsmz.de/class/thermoplasmata
Ferrobacteria,Deferribacteres,class,https://lpsn.dsmz.de/class/deferribacteres
Deferribacteria,Deferribacteres,class,https://lpsn.dsmz.de/class/deferribacteres
Protoarchaea,Thermococci,class,https://lpsn.dsmz.de/class/thermococci
Togobacteria,Thermotogae,class,https://lpsn.dsmz.de/class/thermotogae
Thermotogia,Thermotogae,class,https://lpsn.dsmz.de/class/thermotogae
Calditrichia,Calditrichae,class,https://lpsn.dsmz.de/class/calditrichae
Archaeoglobea,Archaeoglobi,class,https://lpsn.dsmz.de/class/archaeoglobi
Verrucomicrobiia,Verrucomicrobiae,class,https://lpsn.dsmz.de/class/verrucomicrobiae
Epsilobacteria,Aquificae,class,https://lpsn.dsmz.de/class/aquificae
Aquificia,Aquificae,class,https://lpsn.dsmz.de/class/aquificae
Archaeobacteria,Methanobacteria,class,https://lpsn.dsmz.de/class/methanobacteria
Halomebacteria,Halobacteria,class,https://lpsn.dsmz.de/class/halobacteria
Ktedobacteria,Ktedonobacteria,class,https://lpsn.dsmz.de/class/ktedonobacteria
Ignavibacteriia,Ignavibacteria,class,https://lpsn.dsmz.de/class/ignavibacteria
Spirochaetes,Spirochaetia,class,https://lpsn.dsmz.de/class/spirochaetia
Leptospiria,Spirochaetia,class,https://lpsn.dsmz.de/class/spirochaetia
Spartobacteria,Terrimicrobia,class,https://lpsn.dsmz.de/class/terrimicrobia
Crenarchaeota,Thermoprotei,class,https://lpsn.dsmz.de/class/thermoprotei
Conexivisphaeria,Thermoprotei,class,https://lpsn.dsmz.de/class/thermoprotei
Thermoprotea,Thermoprotei,class,https://lpsn.dsmz.de/class/thermoprotei
Fusobacteria,Fusobacteriia,class,https://lpsn.dsmz.de/class/fusobacteriia
Firmibacteria,Bacilli,class,https://lpsn.dsmz.de/class/bacilli
Teichobacteria,Bacilli,class,https://lpsn.dsmz.de/class/bacilli
Desulfuribacillia,Bacilli,class,https://lpsn.dsmz.de/class/bacilli
Bacillia,Bacilli,class,https://lpsn.dsmz.de/class/bacilli
Thermodesulfobacteriia,Thermodesulfobacteria,class,https://lpsn.dsmz.de/class/thermodesulfobacteria
Selenobacteria,Negativicutes,class,https://lpsn.dsmz.de/class/negativicutes
Selenomonadia,Negativicutes,class,https://lpsn.dsmz.de/class/negativicutes
Borrelomycetales,Mycoplasmoidales,order,https://lpsn.dsmz.de/order/mycoplasmoidales
Anulomycetales,Mycoplasmoidales,order,https://lpsn.dsmz.de/order/mycoplasmoidales
Brachyspiriales,Brachyspirales,order,https://lpsn.dsmz.de/order/brachyspirales
Haloanaerobiales,Halanaerobiales,order,https://lpsn.dsmz.de/order/halanaerobiales
Iamiales,Acidimicrobiales,order,https://lpsn.dsmz.de/order/acidimicrobiales
Beggiatoales,Thiotrichales,order,https://lpsn.dsmz.de/order/thiotrichales
Plectridiales,Caryophanales,order,https://lpsn.dsmz.de/order/caryophanales
Desulfuribacillales,Caryophanales,order,https://lpsn.dsmz.de/order/caryophanales
Bacillales,Caryophanales,order,https://lpsn.dsmz.de/order/caryophanales
Xanthomonadales,Lysobacterales,order,https://lpsn.dsmz.de/order/lysobacterales
Enterobacteriales,Enterobacterales,order,https://lpsn.dsmz.de/order/enterobacterales
Syntrophales,Syntrophobacterales,order,https://lpsn.dsmz.de/order/syntrophobacterales
Desulfomonilales,Syntrophobacterales,order,https://lpsn.dsmz.de/order/syntrophobacterales
Desulfobaccales,Syntrophobacterales,order,https://lpsn.dsmz.de/order/syntrophobacterales
Haliangiales,Myxococcales,order,https://lpsn.dsmz.de/order/myxococcales
Polyangiales,Myxococcales,order,https://lpsn.dsmz.de/order/myxococcales
Nannocystales,Myxococcales,order,https://lpsn.dsmz.de/order/myxococcales
Ktedobacterales,Ktedonobacterales,order,https://lpsn.dsmz.de/order/ktedonobacterales
Picrophilales,Thermoplasmatales,order,https://lpsn.dsmz.de/order/thermoplasmatales
Parachlamydiales,Chlamydiales,order,https://lpsn.dsmz.de/order/chlamydiales
Sporomusales,Selenomonadales,order,https://lpsn.dsmz.de/order/selenomonadales
Actinocatenisporales,Micromonosporales,order,https://lpsn.dsmz.de/order/micromonosporales
Phytomonosporales,Micromonosporales,order,https://lpsn.dsmz.de/order/micromonosporales
Actinoplanales,Micromonosporales,order,https://lpsn.dsmz.de/order/micromonosporales
Prochlorales,Synechococcales,order,https://lpsn.dsmz.de/order/synechococcales
Leptospiriales,Leptospirales,order,https://lpsn.dsmz.de/order/leptospirales
Methylophilales,Nitrosomonadales,order,https://lpsn.dsmz.de/order/nitrosomonadales
Spirillales,Nitrosomonadales,order,https://lpsn.dsmz.de/order/nitrosomonadales
Sulfuricellales,Nitrosomonadales,order,https://lpsn.dsmz.de/order/nitrosomonadales
Moorellales,Thermoanaerobacterales,order,https://lpsn.dsmz.de/order/thermoanaerobacterales
Moraxellales,Pseudomonadales,order,https://lpsn.dsmz.de/order/pseudomonadales
Maricaulales,Caulobacterales,order,https://lpsn.dsmz.de/order/caulobacterales
Hyphomonadales,Caulobacterales,order,https://lpsn.dsmz.de/order/caulobacterales
Marinilabiliales,Bacteroidales,order,https://lpsn.dsmz.de/order/bacteroidales
Desulfotomaculales,Eubacteriales,order,https://lpsn.dsmz.de/order/eubacteriales
Heliobacteriales,Eubacteriales,order,https://lpsn.dsmz.de/order/eubacteriales
Clostridiales,Eubacteriales,order,https://lpsn.dsmz.de/order/eubacteriales
Antricoccales,Geodermatophilales,order,https://lpsn.dsmz.de/order/geodermatophilales
Motilibacterales,Frankiales,order,https://lpsn.dsmz.de/order/frankiales
Motilibacterales,Frankiales,order,https://lpsn.dsmz.de/order/frankiales
Thermofilales,Thermoproteales,order,https://lpsn.dsmz.de/order/thermoproteales
Conexivisphaerales,Thermoproteales,order,https://lpsn.dsmz.de/order/thermoproteales
Geovibriales,Deferribacterales,order,https://lpsn.dsmz.de/order/deferribacterales
Rhizobiales,Hyphomicrobiales,order,https://lpsn.dsmz.de/order/hyphomicrobiales
Igneococcales,Desulfurococcales,order,https://lpsn.dsmz.de/order/desulfurococcales
Corynebacteriales,Mycobacteriales,order,https://lpsn.dsmz.de/order/mycobacteriales
Microbacteriales,Micrococcales,order,https://lpsn.dsmz.de/order/micrococcales
Beutenbergiales,Micrococcales,order,https://lpsn.dsmz.de/order/micrococcales
Demequinales,Micrococcales,order,https://lpsn.dsmz.de/order/micrococcales
Cellulomonadales,Micrococcales,order,https://lpsn.dsmz.de/order/micrococcales
Dermatophilales,Micrococcales,order,https://lpsn.dsmz.de/order/micrococcales
Aquipuribacterales,Micrococcales,order,https://lpsn.dsmz.de/order/micrococcales
Ruaniales,Micrococcales,order,https://lpsn.dsmz.de/order/micrococcales
Dermabacterales,Micrococcales,order,https://lpsn.dsmz.de/order/micrococcales
Brevibacteriales,Micrococcales,order,https://lpsn.dsmz.de/order/micrococcales
Bogoriellales,Micrococcales,order,https://lpsn.dsmz.de/order/micrococcales
Chthoniobacterales,Terrimicrobiales,order,https://lpsn.dsmz.de/order/terrimicrobiales
Desulfatiglandales,Desulfobacterales,order,https://lpsn.dsmz.de/order/desulfobacterales
Desulfobulbales,Desulfobacterales,order,https://lpsn.dsmz.de/order/desulfobacterales
Kiloniellales,Rhodospirillales,order,https://lpsn.dsmz.de/order/rhodospirillales
Desulfarcales,Desulfarculales,order,https://lpsn.dsmz.de/order/desulfarculales
Thermodesulfovibrionales,Nitrospirales,order,https://lpsn.dsmz.de/order/nitrospirales
Kangiellales,Oceanospirillales,order,https://lpsn.dsmz.de/order/oceanospirillales
Desulfuromonales,Desulfuromonadales,order,https://lpsn.dsmz.de/order/desulfuromonadales
Geobacterales,Desulfuromonadales,order,https://lpsn.dsmz.de/order/desulfuromonadales
Methanotrichales,Methanosarcinales,order,https://lpsn.dsmz.de/order/methanosarcinales
Actinosynnemataceae,Pseudonocardiaceae,family,https://lpsn.dsmz.de/family/pseudonocardiaceae
Pillotinaceae,Spirochaetaceae,family,https://lpsn.dsmz.de/family/spirochaetaceae
Azotobacteraceae,Pseudomonadaceae,family,https://lpsn.dsmz.de/family/pseudomonadaceae
Acuticoccaceae,Amorphaceae,family,https://lpsn.dsmz.de/family/amorphaceae
Desulfurivibrionaceae,Desulfobulbaceae,family,https://lpsn.dsmz.de/family/desulfobulbaceae
Desulfocapsaceae,Desulfobulbaceae,family,https://lpsn.dsmz.de/family/desulfobulbaceae
Ktedobacteraceae,Ktedonobacteraceae,family,https://lpsn.dsmz.de/family/ktedonobacteraceae
Yaniellaceae,Micrococcaceae,family,https://lpsn.dsmz.de/family/micrococcaceae
Yaniaceae,Micrococcaceae,family,https://lpsn.dsmz.de/family/micrococcaceae
Conexivisphaeraceae,Thermoproteaceae,family,https://lpsn.dsmz.de/family/thermoproteaceae
Pleioneaceae,Kangiellaceae,family,https://lpsn.dsmz.de/family/kangiellaceae
Meganemaceae,Neomegalonemataceae,family,https://lpsn.dsmz.de/family/neomegalonemataceae
Desulfosalsimonadaceae,Desulfobacteraceae,family,https://lpsn.dsmz.de/family/desulfobacteraceae
Desulfofabaceae,Desulfobacteraceae,family,https://lpsn.dsmz.de/family/desulfobacteraceae
Desulfosarcinaceae,Desulfobacteraceae,family,https://lpsn.dsmz.de/family/desulfobacteraceae
Desulforegulaceae,Desulfobacteraceae,family,https://lpsn.dsmz.de/family/desulfobacteraceae
Desulfatirhabdiaceae,Desulfobacteraceae,family,https://lpsn.dsmz.de/family/desulfobacteraceae
Desulfolunaceae,Desulfobacteraceae,family,https://lpsn.dsmz.de/family/desulfobacteraceae
Desulfococcaceae,Desulfobacteraceae,family,https://lpsn.dsmz.de/family/desulfobacteraceae
Desulfatiglandaceae,Desulfobacteraceae,family,https://lpsn.dsmz.de/family/desulfobacteraceae
Desulfobacteriaceae,Desulfobacteraceae,family,https://lpsn.dsmz.de/family/desulfobacteraceae
Desulfatibacillaceae,Desulfobacteraceae,family,https://lpsn.dsmz.de/family/desulfobacteraceae
Hydrogenimonaceae,Hydrogenimonadaceae,family,https://lpsn.dsmz.de/family/hydrogenimonadaceae
Vicingaceae,Cryomorphaceae,family,https://lpsn.dsmz.de/family/cryomorphaceae
Luteibaculaceae,Cryomorphaceae,family,https://lpsn.dsmz.de/family/cryomorphaceae
Salibacteraceae,Cryomorphaceae,family,https://lpsn.dsmz.de/family/cryomorphaceae
Moorellaceae,Thermoanaerobacteraceae,family,https://lpsn.dsmz.de/family/thermoanaerobacteraceae
Calderihabitantaceae,Thermoanaerobacteraceae,family,https://lpsn.dsmz.de/family/thermoanaerobacteraceae
Desulfuromonaceae,Desulfuromonadaceae,family,https://lpsn.dsmz.de/family/desulfuromonadaceae
Geoalkalibacteraceae,Desulfuromonadaceae,family,https://lpsn.dsmz.de/family/desulfuromonadaceae
Pseudopelobacteraceae,Desulfuromonadaceae,family,https://lpsn.dsmz.de/family/desulfuromonadaceae
Trichloromonadaceae,Desulfuromonadaceae,family,https://lpsn.dsmz.de/family/desulfuromonadaceae
Cyanobiaceae,Synechococcaceae,family,https://lpsn.dsmz.de/family/synechococcaceae
Alternantiaceae,Synechococcaceae,family,https://lpsn.dsmz.de/family/synechococcaceae
Sapromycetaceae,Acholeplasmataceae,family,https://lpsn.dsmz.de/family/acholeplasmataceae
Carbonactinosporaceae,Streptomycetaceae,family,https://lpsn.dsmz.de/family/streptomycetaceae
Allostreptomycetaceae,Streptomycetaceae,family,https://lpsn.dsmz.de/family/streptomycetaceae
Vitreoscillaceae,Neisseriaceae,family,https://lpsn.dsmz.de/family/neisseriaceae
Simonsiellaceae,Neisseriaceae,family,https://lpsn.dsmz.de/family/neisseriaceae
Haloanaerobiaceae,Halanaerobiaceae,family,https://lpsn.dsmz.de/family/halanaerobiaceae
Catabacteraceae,Christensenellaceae,family,https://lpsn.dsmz.de/family/christensenellaceae
Catabacteriaceae,Christensenellaceae,family,https://lpsn.dsmz.de/family/christensenellaceae
Novibacillaceae,Thermoactinomycetaceae,family,https://lpsn.dsmz.de/family/thermoactinomycetaceae
Planococcaceae,Caryophanaceae,family,https://lpsn.dsmz.de/family/caryophanaceae
Prochlorotrichaceae,Pseudanabaenaceae,family,https://lpsn.dsmz.de/family/pseudanabaenaceae
Sokoloviaceae,Pseudanabaenaceae,family,https://lpsn.dsmz.de/family/pseudanabaenaceae
Achromobacteraceae,Alcaligenaceae,family,https://lpsn.dsmz.de/family/alcaligenaceae
Solimonadaceae,Nevskiaceae,family,https://lpsn.dsmz.de/family/nevskiaceae
Sinobacteraceae,Nevskiaceae,family,https://lpsn.dsmz.de/family/nevskiaceae
Thioreductoraceae,Nautiliaceae,family,https://lpsn.dsmz.de/family/nautiliaceae
Mzabimycetaceae,Actinopolysporaceae,family,https://lpsn.dsmz.de/family/actinopolysporaceae
Marinobacteraceae,Alteromonadaceae,family,https://lpsn.dsmz.de/family/alteromonadaceae
Anaplasmataceae,Ehrlichiaceae,family,https://lpsn.dsmz.de/family/ehrlichiaceae
Desulfoplanaceae,Desulfomicrobiaceae,family,https://lpsn.dsmz.de/family/desulfomicrobiaceae
Sulfurospirillaceae,Campylobacteraceae,family,https://lpsn.dsmz.de/family/campylobacteraceae
Xanthomonadaceae,Lysobacteraceae,family,https://lpsn.dsmz.de/family/lysobacteraceae
Microsphaeraceae,Nakamurellaceae,family,https://lpsn.dsmz.de/family/nakamurellaceae
Desulfonatronumaceae,Desulfonatronaceae,family,https://lpsn.dsmz.de/family/desulfonatronaceae
Methanoplanaceae,Methanomicrobiaceae,family,https://lpsn.dsmz.de/family/methanomicrobiaceae
Sulfurovaceae,Helicobacteraceae,family,https://lpsn.dsmz.de/family/helicobacteraceae
Sulfurimonadaceae,Helicobacteraceae,family,https://lpsn.dsmz.de/family/helicobacteraceae
Thiovulaceae,Helicobacteraceae,family,https://lpsn.dsmz.de/family/helicobacteraceae
Draconibacteriaceae,Prolixibacteraceae,family,https://lpsn.dsmz.de/family/prolixibacteraceae
Gynuellaceae,Saccharospirillaceae,family,https://lpsn.dsmz.de/family/saccharospirillaceae
Roseobacteraceae,Rhodobacteraceae,family,https://lpsn.dsmz.de/family/rhodobacteraceae
Nitrobacteriaceae,Nitrobacteraceae,family,https://lpsn.dsmz.de/family/nitrobacteraceae
Bradyrhizobiaceae,Nitrobacteraceae,family,https://lpsn.dsmz.de/family/nitrobacteraceae
Branhamaceae,Moraxellaceae,family,https://lpsn.dsmz.de/family/moraxellaceae
Perlucidibacaceae,Moraxellaceae,family,https://lpsn.dsmz.de/family/moraxellaceae
Haliangiaceae,Kofleriaceae,family,https://lpsn.dsmz.de/family/kofleriaceae
Haliangiaceae,Kofleriaceae,family,https://lpsn.dsmz.de/family/kofleriaceae
Kordiimonadaceae,Temperatibacteraceae,family,https://lpsn.dsmz.de/family/temperatibacteraceae
Arcanobacteriaceae,Actinomycetaceae,family,https://lpsn.dsmz.de/family/actinomycetaceae
Thermodesulforhabdaceae,Syntrophobacteraceae,family,https://lpsn.dsmz.de/family/syntrophobacteraceae
Alcanivoraceae,Alcanivoracaceae,family,https://lpsn.dsmz.de/family/alcanivoracaceae
Thiocapsaceae,Chromatiaceae,family,https://lpsn.dsmz.de/family/chromatiaceae
Arsenicicoccaceae,Dermatophilaceae,family,https://lpsn.dsmz.de/family/dermatophilaceae
Aquipuribacteraceae,Intrasporangiaceae,family,https://lpsn.dsmz.de/family/intrasporangiaceae
Bruguierivoracaceae,Pectobacteriaceae,family,https://lpsn.dsmz.de/family/pectobacteriaceae
Leucotrichaceae,Thiotrichaceae,family,https://lpsn.dsmz.de/family/thiotrichaceae
Leucotrichaceae,Thiotrichaceae,family,https://lpsn.dsmz.de/family/thiotrichaceae
Achromatiaceae,Thiotrichaceae,family,https://lpsn.dsmz.de/family/thiotrichaceae
Hoyosellaceae,Nocardiaceae,family,https://lpsn.dsmz.de/family/nocardiaceae
Tomitellaceae,Nocardiaceae,family,https://lpsn.dsmz.de/family/nocardiaceae
Hippeaceae,Desulfurellaceae,family,https://lpsn.dsmz.de/family/desulfurellaceae
Smithellaceae,Syntrophaceae,family,https://lpsn.dsmz.de/family/syntrophaceae
Desulfobaccaceae,Syntrophaceae,family,https://lpsn.dsmz.de/family/syntrophaceae
Desulfomonilaceae,Syntrophaceae,family,https://lpsn.dsmz.de/family/syntrophaceae
Marinilabiaceae,Marinilabiliaceae,family,https://lpsn.dsmz.de/family/marinilabiliaceae
Anulomycetaceae,Metamycoplasmataceae,family,https://lpsn.dsmz.de/family/metamycoplasmataceae
Borrelomycetaceae,Metamycoplasmataceae,family,https://lpsn.dsmz.de/family/metamycoplasmataceae
Ristellaceae,Bacteroidaceae,family,https://lpsn.dsmz.de/family/bacteroidaceae
Aquaspirillaceae,Chromobacteriaceae,family,https://lpsn.dsmz.de/family/chromobacteriaceae
Chitinibacteraceae,Chromobacteriaceae,family,https://lpsn.dsmz.de/family/chromobacteriaceae
Leeiaceae,Chromobacteriaceae,family,https://lpsn.dsmz.de/family/chromobacteriaceae
Enterobacteraceae,Enterobacteriaceae,family,https://lpsn.dsmz.de/family/enterobacteriaceae
Geminocystaceae,Chroococcaceae,family,https://lpsn.dsmz.de/family/chroococcaceae
Gloeocapsaceae,Chroococcaceae,family,https://lpsn.dsmz.de/family/chroococcaceae
Pleurococcaceae,Chroococcaceae,family,https://lpsn.dsmz.de/family/chroococcaceae
Elioraeaceae,Acetobacteraceae,family,https://lpsn.dsmz.de/family/acetobacteraceae
Sanguibacteraceae,Jonesiaceae,family,https://lpsn.dsmz.de/family/jonesiaceae
Haliscomenobacteraceae,Lewinellaceae,family,https://lpsn.dsmz.de/family/lewinellaceae
Cystobacteraceae,Archangiaceae,family,https://lpsn.dsmz.de/family/archangiaceae
Terminosporaceae,Clostridiaceae,family,https://lpsn.dsmz.de/family/clostridiaceae
Thermohalobacteraceae,Clostridiaceae,family,https://lpsn.dsmz.de/family/clostridiaceae
Sarcinaceae,Clostridiaceae,family,https://lpsn.dsmz.de/family/clostridiaceae
Erysipelatoclostridiaceae,Clostridiaceae,family,https://lpsn.dsmz.de/family/clostridiaceae
Thermodesulfatatoraceae,Thermodesulfobacteriaceae,family,https://lpsn.dsmz.de/family/thermodesulfobacteriaceae
Ruminococcaceae,Oscillospiraceae,family,https://lpsn.dsmz.de/family/oscillospiraceae
Hungateiclostridiaceae,Oscillospiraceae,family,https://lpsn.dsmz.de/family/oscillospiraceae
Oerskoviaceae,Promicromonosporaceae,family,https://lpsn.dsmz.de/family/promicromonosporaceae
Geothermobacteraceae,Geobacteraceae,family,https://lpsn.dsmz.de/family/geobacteraceae
Geopsychrobacteraceae,Geobacteraceae,family,https://lpsn.dsmz.de/family/geobacteraceae
Methylomonadaceae,Methylococcaceae,family,https://lpsn.dsmz.de/family/methylococcaceae
Actinoplanaceae,Micromonosporaceae,family,https://lpsn.dsmz.de/family/micromonosporaceae
Phytomonosporaceae,Micromonosporaceae,family,https://lpsn.dsmz.de/family/micromonosporaceae
Actinocatenisporaceae,Micromonosporaceae,family,https://lpsn.dsmz.de/family/micromonosporaceae
Robiginitomaculaceae,Hyphomonadaceae,family,https://lpsn.dsmz.de/family/hyphomonadaceae
Desulfonauticaceae,Desulfohalobiaceae,family,https://lpsn.dsmz.de/family/desulfohalobiaceae
Desulfonatronovibrionaceae,Desulfohalobiaceae,family,https://lpsn.dsmz.de/family/desulfohalobiaceae
Desulfothermaceae,Desulfohalobiaceae,family,https://lpsn.dsmz.de/family/desulfohalobiaceae
Dissulfurispiraceae,Nitrospiraceae,family,https://lpsn.dsmz.de/family/nitrospiraceae
Thermodesulfovibrionaceae,Nitrospiraceae,family,https://lpsn.dsmz.de/family/nitrospiraceae
Actinotaleaceae,Cellulomonadaceae,family,https://lpsn.dsmz.de/family/cellulomonadaceae
Desulfofarciminaceae,Peptococcaceae,family,https://lpsn.dsmz.de/family/peptococcaceae
Desulfocucumaceae,Peptococcaceae,family,https://lpsn.dsmz.de/family/peptococcaceae
Desulfotomaculaceae,Peptococcaceae,family,https://lpsn.dsmz.de/family/peptococcaceae
Thermincolaceae,Peptococcaceae,family,https://lpsn.dsmz.de/family/peptococcaceae
Desulfurisporaceae,Peptococcaceae,family,https://lpsn.dsmz.de/family/peptococcaceae
Desulfallaceae,Peptococcaceae,family,https://lpsn.dsmz.de/family/peptococcaceae
Desulfitibacteraceae,Peptococcaceae,family,https://lpsn.dsmz.de/family/peptococcaceae
Desulfohalotomaculaceae,Peptococcaceae,family,https://lpsn.dsmz.de/family/peptococcaceae
Mabikibacteraceae,Notoacmeibacteraceae,family,https://lpsn.dsmz.de/family/notoacmeibacteraceae
